{"cameraMode":{"drawMode":0,"name":"Shaded","section":"Shading Mode"},"sceneLighting":true,"audioPlay":false,"sceneViewState":{"showFog":true,"showMaterialUpdate":false,"showSkybox":true,"showFlares":true,"showImageEffects":true,"showParticleSystems":true},"in2DMode":false,"pivot":{"x":-6.962218284606934,"y":-10.436245918273926,"z":44.262351989746097},"rotation":{"x":-0.14483022689819337,"y":0.07916272431612015,"z":-0.011633161455392838,"w":-0.9862406849861145},"size":49.77415466308594,"orthographic":false}