{"cameraMode":{"drawMode":0,"name":"Shaded","section":"Shading Mode"},"sceneLighting":true,"audioPlay":false,"sceneViewState":{"showFog":true,"showMaterialUpdate":false,"showSkybox":true,"showFlares":true,"showImageEffects":true,"showParticleSystems":true},"in2DMode":false,"pivot":{"x":10.424751281738282,"y":-0.5911610722541809,"z":23.157533645629884},"rotation":{"x":0.09143024682998657,"y":-0.5646058917045593,"z":0.06309016048908234,"w":0.8179012537002564},"size":5.190305709838867,"orthographic":false}