{"cameraMode":{"drawMode":0,"name":"Shaded","section":"Shading Mode"},"sceneLighting":false,"audioPlay":false,"sceneViewState":{"showFog":true,"showMaterialUpdate":false,"showSkybox":false,"showFlares":true,"showImageEffects":true,"showParticleSystems":true},"in2DMode":false,"pivot":{"x":-10.419553756713868,"y":184.81629943847657,"z":-735.5703125},"rotation":{"x":0.6233059167861939,"y":0.0761757493019104,"z":-0.06217070296406746,"w":0.7759565711021423},"size":70.33795928955078,"orthographic":false}